SNP-ID	count
FGC26539	130
PF794	117
FGC26816	117
PF964	113
FGC24743	112
PF931	109
V1957	109
PF688	108
V3601	108
YP3766	108
YP2680	107
V7429	106
YP3792	104
YP3663	103
V2656	102
V3032	102
PF866	101
FGC27688	101
FGC27984	101
Y49138	100
PF857	99
V3795	99
YP3222	99
PF14	98
FGC25512	98
A3281	98
FGC27324	98
V1431	97
PF867	97
V2821	97
FGC24700	97
PF266	96
FGC26328	96
V1494	95
PF750	95
AF4	95
PF671	94
V6456	94
V3648	93
V2201	93
FGC25769	93
PF229	92
YP2711	92
FGC27857	90
PF869	89
FGC27299	89
FGC27983	89
V1052	88
C192802	88
PF1720	87
V1347	87
V1609	87
PF206	86
PF833	86
PF875	86
FGC26799	86
FGC27864	86
PF260	85
PF946	85
PF973	85
PF1093	85
FGC25951	84
YP3754	83
PF308	82
FGC25758	81
PF997	80
PF1084	80
PF891	79
YP2573	79
PF996	78
PF847	78
V3226	77
PF785	77
PF913	77
V3636	77
Y17293	77
PF724	76
PF766	76
FGC25719	76
PF1000	75
PF1022	75
PF1034	75
YP3683	75
PF720	74
V5073	74
YP3755	73
V2456	72
YP3679	71
PF1098	70
PF1015	70
YP1740	69
PF1057	67
FGC25742	67
PF886	66
L1113	66
FGC26812	65
PF1241	62
PF232	60
PF989	59
FGC27841	59
YP1841	57
PF6058	54
PF6063	53
YSC0000270	53
V1079	49
PF1238	49
PF777	48
V2974	47
PF6079	46
PF1911	46
PF1296	45
PF6044	39
PF868	37
V1532	32
YSC0000061	24
TY177334	13
P27.2_1	11
M1209	10
SRY10831	10
M11808	9
M8945	8
M547	8
PF809	7
M5599	7
PF3507	6
FTC72467	5
M5756	5
FGC26493	5
YP1968	5
Z866	5
PF2738	5
PF3512	4
M9037	4
V3037	4
PF2736	4
FGC27878	4
Y1579	4
YP1953	4
PF5461	4
Z6474	4
V4072.1	4
CTS11358	4
FGC27743	4
M9187	3
M3654	3
FGC25708	3
CTS12979	3
Z8725	3
Z9795	3
A2742	3
YP2236	3
M3392	3
F1857	3
M8957	3
L132	3
FGC25853	3
PF3515	3
P281	3
K61	3
FGC27834	3
PF3555	3
YP1731	3
PF6258	2
YP1873	2
M9319	2
PF4548	2
C134528	2
FGC27774	2
Z2712	2
FGC2052	2
YP2056	2
M9361	2
Y8285	2
L1099	2
PF3800	2
Y2486	2
A2979	2
PF3347	2
Y125401	2
PF5931	2
YP1956	2
PF3769	2
YP1851	2
YP2201	2
V29	2
FTA9712	2
YP2109	2
M2682	2
M9019	2
L1004	2
PF6410	2
Y1528	2
PF2790	2
PF5995	2
M5816	2
C194436	2
YSC0000055	2
C299786	2
YP2203	2
Y10858	2
YP2141	2
M9291	2
MF664926	2
PF5951	2
M5759	2
PF2771	1
CTS3506	1
BY151027	1
A2673	1
Z2259	1
PF4568	1
FGC1573	1
FGC25532	1
PF4519	1
CTS12887	1
CTS3536	1
PF1792	1
FT4093	1
FGC25493	1
M3703	1
YP1716	1
C353767	1
CTS7853	1
PF1719	1
PF1879	1
PF3672	1
YSC0000248	1
M5600	1
M9111	1
CTS5783	1
V4531	1
M9117	1
A4698	1
Y9799	1
PF4512	1
Y9814	1
FGC27555	1
BY178269	1
PF6465	1
V3002	1
V1793	1
Y9843	1
FGC27375	1
PF3057	1
YP1767	1
A4750	1
V2070	1
PF995	1
M9284	1
PF3099	1
PF3105	1
PF316	1
M5197	1
PF1801	1
CTS5999	1
FGC26610	1
PF2731	1
Y8279	1
Z3260	1
M3206	1
PF1403	1
A2932	1
PF256	1
PF2196	1
CTS5316	1
PF5873	1
PF5494	1
M5665	1
A2906	1
CTS9900	1
L1492	1
CTS10946	1
M8968	1
YP2230	1
Y8294	1
Z2857	1
FGC27250	1
Y8300	1
CTS6327	1
BY48807	1
PF2844	1
M3734	1
V4213	1
M3744	1
Y8291	1
V2732	1
M5786	1
YP3853	1
F2245	1
C333756	1
CTS8638	1
FT304759	1
PF280	1
PF3585	1
PF2611	1
Z9474	1
PF1822	1
S65	1
PF1203	1
L978	1
Z2024	1
V161	1
A2611	1
PF844	1
FGC26287	1
FGC27501	1
M3273	1
FGC27381	1
Z579	1
M5605	1
M9089	1
PF1414	1
PF2842	1
C200214	1
FGC5166	1
Y125383	1
Z2749	1
CTS5990	1
CTS946	1
PF917	1
Y1580	1
M5589	1
M9015	1
FGC26591	1
M9287	1
Z40405	1
Z2799	1
M9103	1
YP1812	1
A2921	1
Z1060	1
PF1572	1
CTS10296	1
M9098	1
M3638	1
PF3760	1
M9214	1
FT171770	1
PF6034	1
YP2200	1
CTS11150	1
M5446	1
YP3852	1
CTS733	1
Z2706	1
A2627	1
YP2098	1
FGC3553	1
Y9490	1
M5743	1
MF38828	1
FGC26187	1
S8646	1
S153	1
PF1052	1
M3763	1
YP1782	1
YP1903	1
FGC27247	1
V2252	1
Y1908	1
PF2673	1
M8970	1
M5826	1
BY42160	1
M5751	1
PF5688	1
PF5557	1
PF3106	1
PF2803	1
FGC25754	1
S6863	1
Z736	1
M9026	1
F1811	1
V4189	1
Z527	1
Z40397	1
FGC25796	1
YP1905	1
PF629	1
L1101	1
YP1857	1
M9175	1
Y50719	1
